{
  "placement": {
    "type": "minecraft:random_spread",
    "spread_type": "triangular",
    "spacing": 34,
    "separation": 10,
    "salt": 31415926
  },
  "structures": [
    { "structure": "bca:village/default_small", "weight": 16 },
    { "structure": "bca:village/default_mid", "weight": 11 },
    { "structure": "bca:village/default_large", "weight": 2 },
    { "structure": "bca:village/dark_small", "weight": 16 },
    { "structure": "bca:village/dark_mid", "weight": 11 },
    { "structure": "bca:village/fighting_small", "weight": 16 },
    { "structure": "bca:village/fighting_mid", "weight": 11 },
    { "structure": "bca:village/fighting_large", "weight": 2 }
  ]
}
